SET datestyle = 'ISO, DMY';
insert into roles (name) values ('coordinador');
insert into roles (name) values ('voluntario');
insert into usuarios (username, password, email, rol_id) values ('19.670.678-k', 'qU6#qkBAjIIL', 'sskitral0@cisco.com', '2');
insert into usuarios (username, password, email, rol_id) values ('28.943.492-5', 'iV3{yv|)sbCBqno', 'gbaulch1@bizjournals.com', '1');
insert into usuarios (username, password, email, rol_id) values ('37.345.022-7', 'mC9/pKa0yEY', 'fnotley2@indiegogo.com', '1');
insert into usuarios (username, password, email, rol_id) values ('46.139.195-8', 'qS8{kbN`k', 'tdagger3@gov.uk', '2');
insert into usuarios (username, password, email, rol_id) values ('57.294.618-5', 'qT5<@K?C%iSx9t', 'bscruton4@joomla.org', '1');
insert into usuarios (username, password, email, rol_id) values ('64.137.648-5', 'uL1`,O=''&.', 'sstailey5@msn.com', '2');
insert into usuarios (username, password, email, rol_id) values ('74.124.788-7', 'mS7>6OA|A0.Rd', 'ehiers6@gov.uk', '1');
insert into usuarios (username, password, email, rol_id) values ('88.887.847-5', 'lO8%}v2#u2>PWs', 'ztorregiani7@thetimes.co.uk', '2');
insert into usuarios (username, password, email, rol_id) values ('90.238.125-2', 'wI0>WL7V@bu/PCm', 'jpapps8@redcross.org', '2');
insert into usuarios (username, password, email, rol_id) values ('77.082.715-3', 'cI0>!+Y3C$', 'dtingle9@businessinsider.com', '1');
insert into usuarios (username, password, email, rol_id) values ('12.327.265-k', 'hX5|LApWf>/+r', 'rseefeldta@pen.io', '2');
insert into usuarios (username, password, email, rol_id) values ('23.535.126-9', 'rJ1@mm{s.LZ/', 'klittrickb@mediafire.com', '1');
insert into usuarios (username, password, email, rol_id) values ('37.650.358-5', 'dI8~L+>H0,"l%', 'agosalvezc@usa.gov', '1');
insert into usuarios (username, password, email, rol_id) values ('43.013.212-1', 'oW3+hAk&K', 'hsawoodd@miitbeian.gov.cn', '2');
insert into usuarios (username, password, email, rol_id) values ('52.376.844-1', 'fG3=k#%$E', 'bbothbiee@columbia.edu', '1');
insert into usuarios (username, password, email, rol_id) values ('64.734.886-6', 'tV1''f3DL%b}TDO', 'gdeggf@weebly.com', '2');
insert into usuarios (username, password, email, rol_id) values ('75.966.288-1', 'tL6@h{p\U9J)q', 'bnesbyg@census.gov', '2');
insert into usuarios (username, password, email, rol_id) values ('89.899.749-9', 'dP3*5KcluE>#', 'xlejeuneh@4shared.com', '1');
insert into usuarios (username, password, email, rol_id) values ('98.447.588-8', 'kL7@M.L=}b){', 'dstorksi@rambler.ru', '1');
insert into usuarios (username, password, email, rol_id) values ('90.193.310-1', 'aC2?/oI`(oN<1r7', 'cspeedyj@arstechnica.com', '2');
insert into voluntario (nombre, edad, direccion, genero, email, telefono, rut, user_id, ubicacion) values ('Nilson', 33, 'Santiago, Chile', 'Male', 'nharrhy0@businessinsider.com', '928-876-1605', '19.670.678-k', '1', ST_GeomFromText('POINT(-70.64827 -33.45694)', 4326));
insert into voluntario (nombre, edad, direccion, genero, email, telefono, rut, user_id, ubicacion) values ('Seline', 23, 'Valparaíso, Chile', 'Female', 'spalatini1@yellowpages.com', '731-702-6066', '28.943.492-5', '2', ST_GeomFromText('POINT(-70.57577 -33.61169)', 4326));
insert into voluntario (nombre, edad, direccion, genero, email, telefono, rut, user_id, ubicacion) values ('Val', 44, 'Viña del Mar, Chile', 'Female', 'vfairall2@blinklist.com', '793-926-6136', '37.345.022-7', '3', ST_GeomFromText('POINT(-70.5759 -33.5924)', 4326));
insert into voluntario (nombre, edad, direccion, genero, email, telefono, rut, user_id, ubicacion) values ('Aliza', 26, 'Concepción, Chile', 'Female', 'ameier3@list-manage.com', '968-660-2106', '46.139.195-8', '4', ST_GeomFromText('POINT(-71.55183 -33.02457)', 4326));
insert into voluntario (nombre, edad, direccion, genero, email, telefono, rut, user_id, ubicacion) values ('Cathryn', 21, 'Antofagasta, Chile', 'Female', 'ccradduck4@diigo.com', '257-813-9183', '57.294.618-5', '5', ST_GeomFromText('POINT(-71.62963 -33.036)', 4326));
insert into voluntario (nombre, edad, direccion, genero, email, telefono, rut, user_id, ubicacion) values ('Patricio', 40, 'Santiago, Chile', 'Male', 'ppfaffe5@google.com', '884-393-0094', '64.137.648-5', '6', ST_GeomFromText('POINT(-73.11684 -36.72494)', 4326));
insert into voluntario (nombre, edad, direccion, genero, email, telefono, rut, user_id, ubicacion) values ('Khalil', 46, 'Valparaíso, Chile', 'Male', 'kluipold6@123-reg.co.uk', '602-393-9369', '74.124.788-7', '7', ST_GeomFromText('POINT(-70.6996 -33.59217)', 4326));
insert into voluntario (nombre, edad, direccion, genero, email, telefono, rut, user_id, ubicacion) values ('Darla', 22, 'Viña del Mar, Chile', 'Female', 'dcicero7@google.nl', '202-367-2720', '88.887.847-5', '8', ST_GeomFromText('POINT(-72.59842 -38.73965)', 4326));
insert into voluntario (nombre, edad, direccion, genero, email, telefono, rut, user_id, ubicacion) values ('Elfrieda', 29, 'Santiago, Chile', 'Female', 'elittrell8@people.com.cn', '819-228-4245', '90.238.125-2', '9', ST_GeomFromText('POINT(-70.15027 -20.21326)', 4326));
insert into voluntario (nombre, edad, direccion, genero, email, telefono, rut, user_id, ubicacion) values ('Edwin', 44, 'Concepción, Chile', 'Male', 'eperocci9@cafepress.com', '770-416-4078', '77.082.715-3', '10', ST_GeomFromText('POINT(-73.04977 -36.82699)', 4326));
insert into voluntario (nombre, edad, direccion, genero, email, telefono, rut, user_id, ubicacion) values ('Wash', 50, 'Antofagasta, Chile', 'Polygender', 'wlabela@istockphoto.com', '491-702-4456', '12.327.265-k', '11', ST_GeomFromText('POINT(-70.74444 -34.17083)', 4326));
insert into voluntario (nombre, edad, direccion, genero, email, telefono, rut, user_id, ubicacion) values ('Iorgos', 32, 'Santiago, Chile', 'Male', 'imcconigalb@instagram.com', '457-181-9164', '23.535.126-9', '12', ST_GeomFromText('POINT(-70.63419 -33.58331)', 4326));
insert into voluntario (nombre, edad, direccion, genero, email, telefono, rut, user_id, ubicacion) values ('Sebastian', 46, 'Valparaíso, Chile', 'Male', 'sstiegerc@buzzfeed.com', '657-662-1871', '37.650.358-5', '13', ST_GeomFromText('POINT(-71.65542 -35.4264)', 4326));
insert into voluntario (nombre, edad, direccion, genero, email, telefono, rut, user_id, ubicacion) values ('Barbi', 42, 'Viña del Mar, Chile', 'Non-binary', 'blaurantd@weebly.com', '443-608-5515', '43.013.212-1', '14', ST_GeomFromText('POINT(-70.29792 -18.4746)', 4326));
insert into voluntario (nombre, edad, direccion, genero, email, telefono, rut, user_id, ubicacion) values ('Greta', 37, 'Concepción, Chile', 'Female', 'gmatysiake@artisteer.com', '749-311-8844', '52.376.844-1', '15', ST_GeomFromText('POINT(-71.33947 -29.95332)', 4326));
insert into voluntario (nombre, edad, direccion, genero, email, telefono, rut, user_id, ubicacion) values ('Matty', 23, 'Antofagasta, Chile', 'Female', 'mreilingenf@wordpress.org', '791-570-4827', '64.734.886-6', '16', ST_GeomFromText('POINT(-72.94237 -41.4693)', 4326));
insert into voluntario (nombre, edad, direccion, genero, email, telefono, rut, user_id, ubicacion) values ('Emlyn', 35, 'Santiago, Chile', 'Genderfluid', 'ecarnihang@whitehouse.gov', '569-807-1843', '75.966.288-1', '17', ST_GeomFromText('POINT(-71.24894 -29.90453)', 4326));
insert into voluntario (nombre, edad, direccion, genero, email, telefono, rut, user_id, ubicacion) values ('Umeko', 37, 'Valparaíso, Chile', 'Female', 'ulovstromh@lulu.com', '585-318-2274', '89.899.749-9', '18', ST_GeomFromText('POINT(-72.10344 -36.60664)', 4326));
insert into voluntario (nombre, edad, direccion, genero, email, telefono, rut, user_id, ubicacion) values ('Philbert', 37, 'Viña del Mar, Chile', 'Male', 'pducharti@java.com', '802-366-9269', '98.447.588-8', '19', ST_GeomFromText('POINT(-70.6738 -33.4474)', 4326));
insert into voluntario (nombre, edad, direccion, genero, email, telefono, rut, user_id, ubicacion) values ('Teodor', 44, 'Concepción, Chile', 'Male', 'tbartolicj@usda.gov', '100-581-8178', '90.193.310-1', '20', ST_GeomFromText('POINT(-71.62963 -33.036)', 4326));
insert into estado (descripcion) values ('completed');
insert into estado (descripcion) values ('uncompleted');
insert into institucion (nombre, email, telefono, ubicacion) values ('Cruz Roja', 'vspinello0@altervista.org', '373-597-7908', '428 Tennessee Center');
insert into institucion (nombre, email, telefono, ubicacion) values ('Medicos Sin Fronteras', 'nbenedtti1@shinystat.com', '743-116-2734', '42134 Ramsey Alley');
insert into institucion (nombre, email, telefono, ubicacion) values ('Habitat for Humanity', 'kavard2@smugmug.com', '184-955-9081', '3 Meadow Vale Crossing');
insert into institucion (nombre, email, telefono, ubicacion) values ('UNICEF', 'lhardwich3@fc2.com', '497-963-1845', '59 Dryden Parkway');
insert into institucion (nombre, email, telefono, ubicacion) values ('Greenpeace', 'pfrudd4@ow.ly', '271-102-1470', '858 Oak Pass');
insert into institucion (nombre, email, telefono, ubicacion) values ('Voluntarios de las Naciones Unidas (UNV)', 'ttatlow5@huffingtonpost.com', '850-271-3421', '95564 Heath Center');
insert into institucion (nombre, email, telefono, ubicacion) values ('Cuerpo de Paz', 'ekerridge6@tuttocitta.it', '104-978-3055', '05 Sunfield Parkway');
insert into institucion (nombre, email, telefono, ubicacion) values ('Amnistía Internacional', 'neixenberger7@domainmarket.com', '815-828-1546', '89548 Pond Hill');
insert into institucion (nombre, email, telefono, ubicacion) values ('Aldeas Infantiles SOS', 'jmioni8@scientificamerican.com', '822-308-9228', '81696 Superior Drive');
insert into institucion (nombre, email, telefono, ubicacion) values ('Banco de Alimentos', 'obradberry9@craigslist.org', '718-461-8256', '425 Lakewood Gardens Alley');
insert into emergencia (nombre, descripcion, fecha_inicio, fecha_fin, id_institucion, id_estado, ubicacion) values ('Terremoto', 'Movimiento violento de la tierra', '2024-04-04', '2024-04-15', '3', '2', ST_GeomFromText('POINT(-70.6475 -33.4727)', 4326));
insert into emergencia (nombre, descripcion, fecha_inicio, fecha_fin, id_institucion, id_estado, ubicacion) values ('Inundacion', 'Aumento repentino del nivel del agua', '2024-04-04', '2024-04-17', '5', '1', ST_GeomFromText('POINT(-70.6506 -33.4378)', 4326));
insert into emergencia (nombre, descripcion, fecha_inicio, fecha_fin, id_institucion, id_estado, ubicacion) values ('Tormenta', 'Fenómeno meteorológico con fuertes vientos y lluvias', '2024-04-04', '2024-04-11', '1', '2', ST_GeomFromText('POINT(-70.3954 -23.65236)', 4326));
insert into tarea (descripcion, id_emergencia, id_estado) values ('Evacuacion de personas en peligro', '1', '1');
insert into tarea (descripcion, id_emergencia, id_estado) values ('Proporcionar primeros auxilios a los heridos', '2', '2');
insert into tarea (descripcion, id_emergencia, id_estado) values ('Establecer y mantener un centro de operaciones de emergencia', '3', '2');
insert into tarea (descripcion, id_emergencia, id_estado) values ('Distribuir suministros de socorro como alimentos y agua', '3', '1');
insert into tarea (descripcion, id_emergencia, id_estado) values ('Rescate de personas atrapadas o en peligro', '1', '2');
insert into tarea (descripcion, id_emergencia, id_estado) values ('Coordinar la comunicación y la información sobre la emergencia', '2', '1');
insert into tarea (descripcion, id_emergencia, id_estado) values ('Evaluar y mitigar riesgos ambientales como derrames químicos', '3', '2');
insert into tarea (descripcion, id_emergencia, id_estado) values ('Apagar incendios y controlar su propagación', '2', '1');
insert into tarea (descripcion, id_emergencia, id_estado) values ('Restablecer servicios básicos como electricidad y agua potable', '3', '1');
insert into tarea (descripcion, id_emergencia, id_estado) values ('Brindar apoyo psicológico a las personas afectadas por la emergencia', '2', '2');
insert into habilidad (nombre, descripcion, certificacion_requerida) values ('Primeros Auxilios', 'Primeros Auxilios', 4);
insert into habilidad (nombre, descripcion, certificacion_requerida) values ('Manejo de Desastres', 'Manejo de Desastres', 8);
insert into habilidad (nombre, descripcion, certificacion_requerida) values ('Comunicación', 'Comunicación', 7);
insert into habilidad (nombre, descripcion, certificacion_requerida) values ('Rescate y Evacuación', 'Rescate y Evacuación', 7);
insert into habilidad (nombre, descripcion, certificacion_requerida) values ('Manejo de Equipos y Herramientas', 'Manejo de Equipos y Herramientas', 4);
insert into habilidad (nombre, descripcion, certificacion_requerida) values ('Orientación y Navegación', 'Orientación y Navegación', 3);
insert into habilidad (nombre, descripcion, certificacion_requerida) values ('Manejo de Crisis Psicológica', 'Manejo de Crisis Psicológica', 4);
insert into habilidad (nombre, descripcion, certificacion_requerida) values ('Coordinación de Voluntarios', 'Coordinación de Voluntarios', 5);
insert into habilidad (nombre, descripcion, certificacion_requerida) values ('Logística y Gestión de Recursos', 'Logística y Gestión de Recursos', 6);
insert into habilidad (nombre, descripcion, certificacion_requerida) values ('Flexibilidad y Adaptabilidad', 'Flexibilidad y Adaptabilidad', 2);
insert into vol_habilidad (id_voluntario, id_habilidad, nivel_proficiencia) values ('1', '5', 2);
insert into vol_habilidad (id_voluntario, id_habilidad, nivel_proficiencia) values ('2', '2', 4);
insert into vol_habilidad (id_voluntario, id_habilidad, nivel_proficiencia) values ('3', '7', 6);
insert into vol_habilidad (id_voluntario, id_habilidad, nivel_proficiencia) values ('4', '9', 1);
insert into vol_habilidad (id_voluntario, id_habilidad, nivel_proficiencia) values ('5', '1', 9);
insert into vol_habilidad (id_voluntario, id_habilidad, nivel_proficiencia) values ('6', '3', 7);
insert into vol_habilidad (id_voluntario, id_habilidad, nivel_proficiencia) values ('7', '10', 9);
insert into vol_habilidad (id_voluntario, id_habilidad, nivel_proficiencia) values ('8', '8', 6);
insert into vol_habilidad (id_voluntario, id_habilidad, nivel_proficiencia) values ('9', '6', 10);
insert into vol_habilidad (id_voluntario, id_habilidad, nivel_proficiencia) values ('10', '4', 1);
insert into vol_habilidad (id_voluntario, id_habilidad, nivel_proficiencia) values ('11', '1', 2);
insert into vol_habilidad (id_voluntario, id_habilidad, nivel_proficiencia) values ('12', '8', 7);
insert into vol_habilidad (id_voluntario, id_habilidad, nivel_proficiencia) values ('13', '2', 3);
insert into vol_habilidad (id_voluntario, id_habilidad, nivel_proficiencia) values ('14', '9', 7);
insert into vol_habilidad (id_voluntario, id_habilidad, nivel_proficiencia) values ('15', '4', 5);
insert into vol_habilidad (id_voluntario, id_habilidad, nivel_proficiencia) values ('16', '3', 3);
insert into vol_habilidad (id_voluntario, id_habilidad, nivel_proficiencia) values ('17', '7', 3);
insert into vol_habilidad (id_voluntario, id_habilidad, nivel_proficiencia) values ('18', '6', 8);
insert into vol_habilidad (id_voluntario, id_habilidad, nivel_proficiencia) values ('19', '10', 3);
insert into vol_habilidad (id_voluntario, id_habilidad, nivel_proficiencia) values ('20', '5', 2);
insert into eme_habilidad (id_emergencia, id_habilidad) values ('1', '1');
insert into eme_habilidad (id_emergencia, id_habilidad) values ('1', '2');
insert into eme_habilidad (id_emergencia, id_habilidad) values ('1', '3');
insert into eme_habilidad (id_emergencia, id_habilidad) values ('1', '4');
insert into eme_habilidad (id_emergencia, id_habilidad) values ('1', '5');
insert into eme_habilidad (id_emergencia, id_habilidad) values ('1', '6');
insert into eme_habilidad (id_emergencia, id_habilidad) values ('1', '7');
insert into eme_habilidad (id_emergencia, id_habilidad) values ('1', '8');
insert into eme_habilidad (id_emergencia, id_habilidad) values ('1', '9');
insert into eme_habilidad (id_emergencia, id_habilidad) values ('1', '10');
insert into eme_habilidad (id_emergencia, id_habilidad) values ('2', '1');
insert into eme_habilidad (id_emergencia, id_habilidad) values ('2', '2');
insert into eme_habilidad (id_emergencia, id_habilidad) values ('2', '3');
insert into eme_habilidad (id_emergencia, id_habilidad) values ('2', '4');
insert into eme_habilidad (id_emergencia, id_habilidad) values ('2', '5');
insert into eme_habilidad (id_emergencia, id_habilidad) values ('2', '6');
insert into eme_habilidad (id_emergencia, id_habilidad) values ('2', '7');
insert into eme_habilidad (id_emergencia, id_habilidad) values ('2', '8');
insert into eme_habilidad (id_emergencia, id_habilidad) values ('2', '9');
insert into eme_habilidad (id_emergencia, id_habilidad) values ('2', '10');
insert into eme_habilidad (id_emergencia, id_habilidad) values ('3', '1');
insert into eme_habilidad (id_emergencia, id_habilidad) values ('3', '2');
insert into eme_habilidad (id_emergencia, id_habilidad) values ('3', '3');
insert into eme_habilidad (id_emergencia, id_habilidad) values ('3', '4');
insert into eme_habilidad (id_emergencia, id_habilidad) values ('3', '5');
insert into eme_habilidad (id_emergencia, id_habilidad) values ('3', '6');
insert into eme_habilidad (id_emergencia, id_habilidad) values ('3', '7');
insert into eme_habilidad (id_emergencia, id_habilidad) values ('3', '8');
insert into eme_habilidad (id_emergencia, id_habilidad) values ('3', '9');
insert into eme_habilidad (id_emergencia, id_habilidad) values ('3', '10');
insert into tarea_habilidad (id_tarea, id_habilidad) values ('1', '1');
insert into tarea_habilidad (id_tarea, id_habilidad) values ('1', '2');
insert into tarea_habilidad (id_tarea, id_habilidad) values ('1', '3');
insert into tarea_habilidad (id_tarea, id_habilidad) values ('1', '4');
insert into tarea_habilidad (id_tarea, id_habilidad) values ('1', '5');
insert into tarea_habilidad (id_tarea, id_habilidad) values ('1', '6');
insert into tarea_habilidad (id_tarea, id_habilidad) values ('1', '7');
insert into tarea_habilidad (id_tarea, id_habilidad) values ('1', '8');
insert into tarea_habilidad (id_tarea, id_habilidad) values ('1', '9');
insert into tarea_habilidad (id_tarea, id_habilidad) values ('1', '10');
insert into tarea_habilidad (id_tarea, id_habilidad) values ('2', '1');
insert into tarea_habilidad (id_tarea, id_habilidad) values ('2', '2');
insert into tarea_habilidad (id_tarea, id_habilidad) values ('2', '3');
insert into tarea_habilidad (id_tarea, id_habilidad) values ('2', '4');
insert into tarea_habilidad (id_tarea, id_habilidad) values ('2', '5');
insert into tarea_habilidad (id_tarea, id_habilidad) values ('2', '6');
insert into tarea_habilidad (id_tarea, id_habilidad) values ('2', '7');
insert into tarea_habilidad (id_tarea, id_habilidad) values ('2', '8');
insert into tarea_habilidad (id_tarea, id_habilidad) values ('2', '9');
insert into tarea_habilidad (id_tarea, id_habilidad) values ('2', '10');
insert into tarea_habilidad (id_tarea, id_habilidad) values ('3', '1');
insert into tarea_habilidad (id_tarea, id_habilidad) values ('3', '2');
insert into tarea_habilidad (id_tarea, id_habilidad) values ('3', '3');
insert into tarea_habilidad (id_tarea, id_habilidad) values ('3', '4');
insert into tarea_habilidad (id_tarea, id_habilidad) values ('3', '5');
insert into tarea_habilidad (id_tarea, id_habilidad) values ('3', '6');
insert into tarea_habilidad (id_tarea, id_habilidad) values ('3', '7');
insert into tarea_habilidad (id_tarea, id_habilidad) values ('3', '8');
insert into tarea_habilidad (id_tarea, id_habilidad) values ('3', '9');
insert into tarea_habilidad (id_tarea, id_habilidad) values ('3', '10');
insert into tarea_habilidad (id_tarea, id_habilidad) values ('4', '1');
insert into tarea_habilidad (id_tarea, id_habilidad) values ('4', '2');
insert into tarea_habilidad (id_tarea, id_habilidad) values ('4', '3');
insert into tarea_habilidad (id_tarea, id_habilidad) values ('4', '4');
insert into tarea_habilidad (id_tarea, id_habilidad) values ('4', '5');
insert into tarea_habilidad (id_tarea, id_habilidad) values ('4', '6');
insert into tarea_habilidad (id_tarea, id_habilidad) values ('4', '7');
insert into tarea_habilidad (id_tarea, id_habilidad) values ('4', '8');
insert into tarea_habilidad (id_tarea, id_habilidad) values ('4', '9');
insert into tarea_habilidad (id_tarea, id_habilidad) values ('4', '10');
insert into tarea_habilidad (id_tarea, id_habilidad) values ('5', '1');
insert into tarea_habilidad (id_tarea, id_habilidad) values ('5', '2');
insert into tarea_habilidad (id_tarea, id_habilidad) values ('5', '3');
insert into tarea_habilidad (id_tarea, id_habilidad) values ('5', '4');
insert into tarea_habilidad (id_tarea, id_habilidad) values ('5', '5');
insert into tarea_habilidad (id_tarea, id_habilidad) values ('5', '6');
insert into tarea_habilidad (id_tarea, id_habilidad) values ('5', '7');
insert into tarea_habilidad (id_tarea, id_habilidad) values ('5', '8');
insert into tarea_habilidad (id_tarea, id_habilidad) values ('5', '9');
insert into tarea_habilidad (id_tarea, id_habilidad) values ('5', '10');
insert into tarea_habilidad (id_tarea, id_habilidad) values ('6', '1');
insert into tarea_habilidad (id_tarea, id_habilidad) values ('6', '2');
insert into tarea_habilidad (id_tarea, id_habilidad) values ('6', '3');
insert into tarea_habilidad (id_tarea, id_habilidad) values ('6', '4');
insert into tarea_habilidad (id_tarea, id_habilidad) values ('6', '5');
insert into tarea_habilidad (id_tarea, id_habilidad) values ('6', '6');
insert into tarea_habilidad (id_tarea, id_habilidad) values ('6', '7');
insert into tarea_habilidad (id_tarea, id_habilidad) values ('6', '8');
insert into tarea_habilidad (id_tarea, id_habilidad) values ('6', '9');
insert into tarea_habilidad (id_tarea, id_habilidad) values ('6', '10');
insert into tarea_habilidad (id_tarea, id_habilidad) values ('7', '1');
insert into tarea_habilidad (id_tarea, id_habilidad) values ('7', '2');
insert into tarea_habilidad (id_tarea, id_habilidad) values ('7', '3');
insert into tarea_habilidad (id_tarea, id_habilidad) values ('7', '4');
insert into tarea_habilidad (id_tarea, id_habilidad) values ('7', '5');
insert into tarea_habilidad (id_tarea, id_habilidad) values ('7', '6');
insert into tarea_habilidad (id_tarea, id_habilidad) values ('7', '7');
insert into tarea_habilidad (id_tarea, id_habilidad) values ('7', '8');
insert into tarea_habilidad (id_tarea, id_habilidad) values ('7', '9');
insert into tarea_habilidad (id_tarea, id_habilidad) values ('7', '10');
insert into tarea_habilidad (id_tarea, id_habilidad) values ('8', '1');
insert into tarea_habilidad (id_tarea, id_habilidad) values ('8', '2');
insert into tarea_habilidad (id_tarea, id_habilidad) values ('8', '3');
insert into tarea_habilidad (id_tarea, id_habilidad) values ('8', '4');
insert into tarea_habilidad (id_tarea, id_habilidad) values ('8', '5');
insert into tarea_habilidad (id_tarea, id_habilidad) values ('8', '6');
insert into tarea_habilidad (id_tarea, id_habilidad) values ('8', '7');
insert into tarea_habilidad (id_tarea, id_habilidad) values ('8', '8');
insert into tarea_habilidad (id_tarea, id_habilidad) values ('8', '9');
insert into tarea_habilidad (id_tarea, id_habilidad) values ('8', '10');
insert into tarea_habilidad (id_tarea, id_habilidad) values ('9', '1');
insert into tarea_habilidad (id_tarea, id_habilidad) values ('9', '2');
insert into tarea_habilidad (id_tarea, id_habilidad) values ('9', '3');
insert into tarea_habilidad (id_tarea, id_habilidad) values ('9', '4');
insert into tarea_habilidad (id_tarea, id_habilidad) values ('9', '5');
insert into tarea_habilidad (id_tarea, id_habilidad) values ('9', '6');
insert into tarea_habilidad (id_tarea, id_habilidad) values ('9', '7');
insert into tarea_habilidad (id_tarea, id_habilidad) values ('9', '8');
insert into tarea_habilidad (id_tarea, id_habilidad) values ('9', '9');
insert into tarea_habilidad (id_tarea, id_habilidad) values ('9', '10');
insert into tarea_habilidad (id_tarea, id_habilidad) values ('10', '1');
insert into tarea_habilidad (id_tarea, id_habilidad) values ('10', '2');
insert into tarea_habilidad (id_tarea, id_habilidad) values ('10', '3');
insert into tarea_habilidad (id_tarea, id_habilidad) values ('10', '4');
insert into tarea_habilidad (id_tarea, id_habilidad) values ('10', '5');
insert into tarea_habilidad (id_tarea, id_habilidad) values ('10', '6');
insert into tarea_habilidad (id_tarea, id_habilidad) values ('10', '7');
insert into tarea_habilidad (id_tarea, id_habilidad) values ('10', '8');
insert into tarea_habilidad (id_tarea, id_habilidad) values ('10', '9');
insert into tarea_habilidad (id_tarea, id_habilidad) values ('10', '10');
insert into ranking (id_voluntario, id_tarea, puntuacion, participa) values ('1', '4', 5, 0);
insert into ranking (id_voluntario, id_tarea, puntuacion, participa) values ('2', '4', 9, 1);
insert into ranking (id_voluntario, id_tarea, puntuacion, participa) values ('3', '3', 10, 1);
insert into ranking (id_voluntario, id_tarea, puntuacion, participa) values ('4', '6', 2, 1);
insert into ranking (id_voluntario, id_tarea, puntuacion, participa) values ('5', '9', 1, 1);
insert into ranking (id_voluntario, id_tarea, puntuacion, participa) values ('6', '10', 4, 1);
insert into ranking (id_voluntario, id_tarea, puntuacion, participa) values ('7', '1', 4, 0);
insert into ranking (id_voluntario, id_tarea, puntuacion, participa) values ('8', '2', 10, 1);
insert into ranking (id_voluntario, id_tarea, puntuacion, participa) values ('9', '6', 4, 0);
insert into ranking (id_voluntario, id_tarea, puntuacion, participa) values ('10', '8', 4, 0);
insert into ranking (id_voluntario, id_tarea, puntuacion, participa) values ('11', '1', 0, 0);
insert into ranking (id_voluntario, id_tarea, puntuacion, participa) values ('12', '5', 8, 1);
insert into ranking (id_voluntario, id_tarea, puntuacion, participa) values ('13', '7', 7, 1);
insert into ranking (id_voluntario, id_tarea, puntuacion, participa) values ('14', '6', 6, 1);
insert into ranking (id_voluntario, id_tarea, puntuacion, participa) values ('15', '2', 9, 0);
insert into ranking (id_voluntario, id_tarea, puntuacion, participa) values ('16', '7', 0, 1);
insert into ranking (id_voluntario, id_tarea, puntuacion, participa) values ('17', '4', 6, 1);
insert into ranking (id_voluntario, id_tarea, puntuacion, participa) values ('18', '3', 7, 0);
insert into ranking (id_voluntario, id_tarea, puntuacion, participa) values ('19', '7', 3, 0);
insert into ranking (id_voluntario, id_tarea, puntuacion, participa) values ('20', '1', 0, 0);